Country,Attack,Defence,World_Rank,P,W,D,L,GF,GA,GD,Pts
Japan,1.2,1.15,27,0,0,0,0,0,0,0,0
South Korea,1.15,1.1,38,0,0,0,0,0,0,0,0
China,0.8,0.8,75,0,0,0,0,0,0,0,0
India,0.6,0.6,104,0,0,0,0,0,0,0,0
Qatar,0.95,0.9,58,0,0,0,0,0,0,0,0
UAE,0.85,0.77,74,0,0,0,0,0,0,0,0
Australia,0.95,1,41,0,0,0,0,0,0,0,0
Saudi Arabia,0.88,0.95,67,0,0,0,0,0,0,0,0
